Владимир Владимирович, накануне встречи много говорили о том, что тема национальной ПРО может стать своего рода раздражителем для участников «восьмерки». 
Как после завершения мероприятия Вам видится: были разговоры на эту тему или их не было?
Вы стали «звездой» форума. 
Канцлер ФРГ Герхард Шредер заявил, что Россия должна стать полноправным участником «большой восьмерки». 
Какой Вы видите роль России в «большой восьмерке» в будущем?
Известно, что политические лидеры, с которыми Вы вели переговоры, одобрительно восприняли результаты Вашего визита в Северную Корею.
У Вас есть ощущение, что руководители развитых стран мира действительно готовы разделить всю полноту риска и ответственности, скажем, за начавшийся процесс интеграции Северной Кореи в мировое сообщество? 
Или это останется таким российским «фирменным блюдом»?
Владимир Владимирович, скажите, пожалуйста, как Ваше участие в этой встрече отразится на внутренней жизни России? 
Это все внешняя сторона, в том числе Ваше общение с лидерами, которые здесь были. 
А как это применимо к общественно-политической жизни России, к Вашему имиджу как главы государства внутри нее?
Владимир Владимирович, скажите пожалуйста, куда Вы собираетесь поехать после Окинавы 
и что Вы намерены делать там, куда Вы собираетесь поехать?
Какое у Вас осталось впечатление от встречи с господином Жаком Шираком?
Владимир Владимирович, известно, что не только Россия, но и многие союзники США, в частности Франция и Германия, критически относятся к планам США по развертыванию ПРО.
На Ваш взгляд, после Вашего визита в Северную Корею и после тех встреч, которые Вы провели здесь, изменится ли это отношение
станет ли это противодействие планам ПРО со стороны союзников США еще более сильным?
Многим известны Ваши оценки Ким Чен Ира. 
Можно ли сказать, что ваш визит в КНДР свидетельствует о радикальных переменах в политике? 
Подлинная ли это смена курса? 
Какие мотивы кроются за всем этим?
Владимир Владимирович, Ваши общие впечатления от саммита 
и какие наиболее важные для России, на Ваш взгляд, вопросы обсуждались сегодня на первом рабочем заседании?
В рамках саммита Вы уже провели четыре двусторонние встречи: с Федеральным канцлером ФРГ, премьер-министрами Великобритании, Японии и Италии. 
Каковы Ваши впечатления от этих встреч 
и что Вы ожидаете от завтрашней встречи с Джорджем Бушем?
В каком ключе Вы обсуждали ситуацию на Балканах, в частности в Македонии, 
и как Вы оцениваете перспективы ее развития?
Владимир Владимирович, подводя итоги саммита, 
какие положения из принятых заявлений о глобальном партнерстве Вам представляются наиболее важными, в частности для России? 
Были приняты три заявления. Что, по Вашему мнению, в них является важнейшим?
Обсуждался ли на саммите вопрос о проведении внеочередного саммита «восьмерки» в Петербурге в 2003 году? 
Если поднимался, то каковы результаты обсуждения?
Каковы итоги сегодняшней двусторонней встречи с Джорджем Бушем?
Могли бы Вы прокомментировать те решения, которые были приняты сегодня по террору, 
и были ли какие-то разногласия между странами – участницами «восьмерки» при обсуждении этого вопроса?
Не могли бы Вы еще раз прояснить, что для России является самым важным из итогов этого саммита? 
И второй вопрос: Вы высоко оценили то, как был организован саммит здесь, в 2006 году он будет проходить в России. 
Думали ли Вы где?
Вы два дня провели в этом прекрасном месте. 
Скажите, какие человеческие чувства Вы испытываете, 
что Вам понравилось больше всего, 
с каким чувством Вы будете отсюда уезжать?
На недавней встрече с журналистами Вы сказали, что Ясира Арафата нельзя исключать из процесса ближневосточного урегулирования. 
Президент Буш, напротив, здесь говорил об обратном. 
Говорит ли это о том, что между Москвой и Вашингтоном возникли разногласия по ближневосточной проблематике, 
возможно, Вам здесь удалось найти точки соприкосновения по данной теме?
Что касается Африки. 
«Восьмерка» творчески подошла к плану, предложенному африканскими странами. 
Какое здесь участие России, ее роль, место, может быть, даже в глобальной проблеме – борьбе с бедностью?
Как Вы относитесь к антиглобалистам? 
Не кажется ли Вам, что есть что-то несуразное в том, что «восьмерка» забирается все выше в горы для того, чтобы решать проблемы глобального характера, а количество людей, возражающих против этого, становится все больше. 
Каковы пути диалога между этими двумя сторонами?
Какая часть из 20 миллиардов, выделенная на ликвидацию оружия массового уничтожения, будет выделена России, а какая часть – другим странам СНГ? 
Если можно, назовите эти страны. 
И решено ли уже, под какие объекты будут выделяться эти деньги?
Как бы Вы оценили результаты саммита, 
что можно выделить, 
что удалось сделать?
Завершен недельный международный марафон. 
Можете ли Вы, по итогам общения с десятками глав государств, сказать, что меняется в отношении к России?
Как представляется, в эти дни, после саммита ШОС, серии крупных международных встреч в Санкт-Петербурге и Эвиане, формируется новая иерархия мира, и Россия в ней – на привилегированном положении. ду?
Но есть, с другой стороны, США, которые стоят особняком и действуют в одиночку. 
Что Вы можете сказать по этому поводу?
Что Вы можете сказать о ситуации с иранской ядерной программой?
Принята резолюция ООН. 
Эта тема активно обсуждалась и будет обсуждаться. 
Что дальше с этой проблемой 
– не с точки зрения «бумажного» решения, а на практике?
Каково отношение России к идее Большого Ближнего Востока? 
Что это за новое географическое понятие – ББВ? 
С точки зрения внешней политики, интерес России в участии в «большой восьмерке» неоспорим. 
Но с точки зрения внутренней политики – что дает «восьмерка» России?
Глобальное партнерство – это миф или реальность? 
Будет когда-нибудь практическая отдача?
Некоторая часть экспертов считает, что идея «восьмерки» изжила себя: принимаются необязательные решения. 
Как Вы к этому относитесь?
Как Вы относитесь к предложениям некоторых Ваших коллег пригласить к работе в «восьмерке», в частности Китай, Индию? 
Это реально?
У Вас не было официальной встречи с временным президентом Ирака. Но удалось ли Вам с ним встретиться, поговорить?
Что касается Ирана, то за последний год наблюдалось сближение российско-американской позиции, все больше настороженность по поводу того, что происходит в Иране. 
Тем не менее Россия не отказывается пока от строительства электростанции в Бушере. 
В каком формате поднимался этот вопрос на встрече с Джорджем Бушем? 
И есть ли условия, при которых Россия может отказаться от работы в Бушере? 
Япония готовится к следующему юбилейному году – году юбилея Симодского договора, который установил дипломатические отношения между нашими странами и впервые определил границы. Ваш визит в Японию совпадает с этим юбилеем.
Это случайное совпадение или нет? 
И как это совпадение повлияет на содержание Вашего визита?
Не могли бы Вы рассказать немного о неформальной атмосфере 
– не о той, когда Вы встречались за круглым столом. 
Мы видели, Вы гуляли по острову с Шредером и Шираком. 
Не было ли там больше взаимопонимания между одними и меньше – между другими?
Я беседовал с представителями американской администрации, которые мне сказали, что господин Буш поднял вопрос свободной прессы в России. 
Каков был Ваш ответ?
Хочу вернуть Вас к экономике и политике. Америка предлагает списать долги Ирака.
Ирак нам должен значительную сумму. 
Может быть, здесь что-то можно сделать в одностороннем порядке, без участия членов «восьмерки»?
Как Ваши коллеги по «восьмерке» оценивают продвижение России к вступлению в ВТО? 
Вы обсуждали эту тему?
В одном из документов саммита есть специальный пункт, в котором говорится, что «восьмерка» приветствует прогресс, достигнутый Россией перед вступлением в ВТО, и он отражает тот консенсус, который сложился в организации.
Через два года Россия станет председателем «восьмерки». Но работа начинается уже сейчас. 
Есть какие-то планы, где будете принимать своих друзей? 
Россия будет выдвигать в связи с этим событием какие-то новые идеи?
В связи с появившимися во время работы саммита разными публикациями в американской прессе о том, что Россия якобы не достойна быть членом «восьмерки», 
можно ли сейчас считать Россию прочно утвердившимся членом «восьмерки»?
Американский Президент на одной из двусторонних встреч сказал, что было бы очень неплохо, если бы парни из НАТО взялись за помощь иракскому народу. 
В принципе эта идея противоречит идее, что помогать должны парни из ООН. 
Эта новость сразу стала первополосной, с нее начинались телевизионные выпуски. 
Что Вы думаете по этому поводу?
Вас пригласили на похороны Рональда Рейгана и на 80-летие Буша-отца? 
И было ли выпито за помин души первого и за здоровье другого?
Устали? Искупаться удалось?
Что вообще запомнилось – Вы проделали огромный путь, такой марафон: 24 тысячи километров – Нормандия, Мексика?
Вы проделали огромный путь, такой марафон: 24 тысячи километров – Нормандия, Мексика?
Гастрономически что больше всего запомнилось?
Вы пригласили всех своих коллег на 60-летие Победы?
По Вашим ответам заметно, что Ваша философия – это все же достижение единства, а не игра на противоречиях. Правильно?
Вопрос о терроризме. Вы вчера сказали, что с терроризмом нужно бороться совместно и беспощадно. 
В нашем обществе – и среди политиков, и в массах – все-таки существуют антиамериканские и антизападные настроения. 
Влияют ли они на усилия по борьбе с терроризмом, 
ослабляют ли их?
Когда стало известно о взрывах в Лондоне, возникла ли реальная опасность, что саммит будет сорван? 
Сейчас мы видим, что этого не произошло. 
По Вашему мнению, не был ли он скомкан, 
удалось ли в полной мере раскрыть все те вопросы, которые планировалось?
Какой вопрос был наиболее острым и дискутируемым в ходе ваших рабочих заседаний? 
Конечно, работа была не только в комнатах, за общим столом. Вы, наверное, общались со многими лидерами и в кулуарах. 
О чем шла речь в ходе этих бесед? 
Какая была атмосфера? Как Вы ее можете оценить?
Добрый день. Я о наболевшем хочу сказать…
Да. Наболело очень сильно. Как Вы относитесь к тому, что саммит «восьмерки» абсолютно закрыт с точки зрения информации? 
Мы в шоке: работаем в нескольких минутах ходьбы от отеля, и все эти три дня ничего не видим из того, что происходит. 
Это нормально? Спасибо.
Вчерашний чудовищный теракт в Лондоне заставил многих людей задуматься о дополнительных мерах по борьбе с терроризмом. 
Может ли эта борьба с терроризмом ожесточить цивилизованный мир? 
И, в свою очередь, может ли это привести к тому, что будут поставлены под сомнение сами основы демократии, внутренней демократии?
Вы объявили, что следующая «восьмерка» пройдет в Санкт-Петербурге. 
Почему именно Санкт-Петербург? 
Как отнеслись к этому Ваши коллеги, 
какие основные темы будут на этом саммите?
Обсуждалось ли на нынешнем саммите расширение формата «восьмерки»?
На сколько процентов Россия может увеличить поставки нефти странам «восьмерки» 
и за какой период времени?
Как известно, «большая восьмерка» – это в основном продукт личной дипломатии. 
Расскажите, пожалуйста, о личных отношениях внутри «восьмерки». 
Например, окончательно ли закончился, по Вашему мнению, период некоторого охлаждения отношений со времен Ирака? 
Существуют ли, например, в «восьмерке» какие-то внутренние особо теплые союзы? 
Как личные отношения могут влиять на межгосударственные отношения в целом?
Два года назад Вы поставили цель удвоить ВВП в течение десяти лет. 
Учитывая серьезные разногласия в Правительстве по этому поводу и учитывая также замедление темпов роста, считаете ли Вы сейчас эту цель реальной?
Несмотря на то что у Вас не было отдельной двусторонней встречи с Президентом США, Вы наверняка успели пообщаться. 
Не могли бы Вы рассказать о темах, которые сочли нужным затронуть в первую очередь?
Не секрет, что Россия не самая богатая страна в мире. 
Выигрываем ли мы что-нибудь от помощи африканским странам?
Почему Вы решили определить дату встречи с Дзюнъитиро Коидзуми, несмотря на то что существуют разногласия по территориальному вопросу? 
Какие у Вас ожидания от этого визита? 
Что, по-вашему, нужно сделать, чтобы заключить мирный договор?
Многие политики нелестно отзываются о деятельности кабинета Михаила Фрадкова. 
Вас устраивает работа Правительства? 
Как Вы относитесь к тому, что возникают личные конфликты между премьером и его подчиненными?
Накануне в Казахстане члены ШОС договорились о том, чтобы попросить членов антитеррористической коалиции подумать о сроках вывода своих баз с территории Средней Азии. 
Обсуждалась ли эта проблема здесь? 
Прощупывали ли Вы настроения своих коллег по коалиции и в какие сроки Вы хотели бы вывода баз с этой территории?
В документах, подписанных в Астане, значится, что страны ШОС будут вырабатывать новые механизмы реагирования на чрезвычайные ситуации. 
О чем идет речь: 
о каких-то информационных обоймах или же в будущем могут проводиться совместные военные операции?
В прессе прошли сообщения о заинтересованности «Газпрома» в покупке «Сибнефти», а уже в Астане «Роснефть» заявила о заинтересованности в активах «Сибнефти», так как это крупнейший актив. 
Существует ли по этому вопросу позиция государства?
Владимир Владимирович… Очень волнительно. Извините, пожалуйста, за такую заминку.
Решения, которые принимаются «большой восьмеркой», затронут всех… И обязательно молодежь, поколение «юношеской восьмерки». 
Скажите, чего нам ждать?
Владимир Владимирович, какие «горячие» вопросы Вы будете обсуждать с Председателем Ху Цзиньтао?
И второе: от многих-многих китайцев Вам привет, Вы наш настоящий герой. Спасибо.
Владимир Владимирович, у меня такой вопрос: последние события, в том числе и в Ливане, и вообще, если взять прошедший год, два последних года, показывают, что мир накопил значительный конфликтный потенциал. Ежедневно в конфликтах гибнут сотни людей. Мы все это видим по телевизору, и всем все понятно. 
Причем старые конфликты, они как бы затухают, но проблема не решается, появляются новые. И складывается впечатление, что существующая система решения и предупреждения конфликтов не работает. Я имею в виду в глобальном плане, в мировом. 
И, более того, получается, что и система организации международных отношений зашаталась. 
И молодежи, я думаю, если смотреть не MTV, скоро будет опасно выходить на улицу. Спасибо.
Господин Президент, когда мы приехали сюда, многие представители африканской диаспоры думали, что это самое худшее время, никто не будет слушать Африку. 
Но на нас произвело большое впечатление, когда вы больше двух часов провели с нами, с представителями «гражданской восьмерки». 
Когда я со своими коллегами говорил, то я сказал: не отчаивайтесь, господин Путин, президент Путин говорил об Африке. 
Сейчас Вы говорите, что работа будет продолжаться. И мы изложили вам свою позицию. Спасибо Вам за это.
Господин Президент, что Вы считаете главным достижением этого саммита? 
И что, Вы считаете, этот саммит сделал для имиджа России за границей?
Господин Президент! В первую очередь разрешите от всего журналистского корпуса поблагодарить Вас за то, что Вы нас обеспечили вот этими штормовками и ветровками, потому что саммит распался на две части – солнечную и дождливую. 
Поскольку я американист, я хочу Вам задать такой вопрос.
 Если взять за сто Ваши личные отношения с президентом Бушем, которые, мы еще раз убедились на этом саммите, находятся на очень высоком уровне, как Вы расцениваете в рейтинговом плане российско-американские отношения? 
И если есть «ножницы», чем объясняются они  
и как Вы боретесь за то, чтобы их ликвидировать?
В рамках двусторонних отношений Россия–Германия как Вы оцениваете перспективы создания телевизионного канала «Россия–Германия», о котором говорили еще на Санкт-Петербургском диалоге в 2003 году? Спасибо.
Владимир Владимирович, первый вопрос по Северной Корее. Если можно поподробнее о соглашениях, к которым Вы пришли по Северной Корее. 
По Ирану Россия в принципе согласна применять политические и экономические санкции в случае невыполнения резолюции. 
Возможно ли это и в отношении Северной Кореи? 
И второй вопрос. По поводу Энергетической хартии. Вчера говорили, что на основные принципы Энергетической хартии Россия согласна. Что останавливает подписание?
По информации из некоторых западных источников, за похищением израильских солдат может стоять не только «Хезболлах», но и целые страны. Например, Сирия. 
Как Вы считаете, освобождение израильских солдат может остановить этот конфликт или ситуация уже вышла из-под контроля?
Вопрос очень насущный на самом деле, честное слово. Скажите, пожалуйста, вчера, по-моему, Кофи Аннан говорил о том, что международные силы будут стабилизацией около Ливана. Тони Блэр конкретнее сказал, что без войск вообще не остановить конфликты и нельзя их разъединить. 
Скажите, пожалуйста, будет ли рассматривать Россия вопрос об участии, если Совет Безопасности примет это? И сила стабилизации. 
Речь идет только о Ливане или тогда и о Палестине тоже, о палестино-израильской границе тоже?
Добрый день! Я из Испании. Два вопроса для уточнения. Вы говорили об обсуждении вчера ближневосточной тематики в рамках напряженной дискуссии. 
Не могли бы Вы сказать, в чем была напряженность этой сессии, этого заседания? 
И второе: чего Вы ожидаете, каких последствий Вы ожидаете от программы глобальной энергобезопасности рынков нефти?
Владимир Владимирович, в развитие темы контингента международных сил в Ливане. Ваша позиция все равно весьма важная, Россия является все-таки членом Совета Безопасности ООН. 
Во-первых, я хотел бы спросить, какие были разговоры по поводу того, как должен выглядеть этот контингент, какого размера, где должен находиться, с какими функциями – военными функциями или чисто наблюдательными функциями? 
И какие были разговоры среди лидеров «восьмерки» сегодня?
И какова позиция России, какое видение России как члена Совета Безопасности? Спасибо.
Владимир Владимирович, вы говорили о том, чего удалось добиться в ходе саммита. Интересно было бы узнать, есть ли вопросы, по которым, на Ваш взгляд, прогресс оказался не таким заметным, как ожидалось?
И еще, если говорить о результатах работы: как мне показалось, в итоговых документах не так много упоминаний о ситуации в Ираке, несмотря на то что обстановка там также далека от нормальной. 
Как Вы это прокомментируете?
Вопрос касается, скорее, атмосферы вокруг саммита, вокруг России. 
Насколько известно, когда Джордж Буш прилетел, он встречался с представителями неправительственных организаций. 
Ранее два помощника госсекретаря США участвовали в работе оппозиционного форума «Другая Россия». 
Как Вы относитесь к таким фактам?
Будьте любезны, вопрос такой. Характер русского человека такой, что мы ничего не делаем вполсилы. Как правило, в любое дело мы вкладываем всю душу.
Но когда мы что-то делаем не в службу, а в дружбу, то силы удесятеряются, и эффект совершенно фантастический. 
Будьте добры, как продвинулись Ваши личные взаимоотношения с коллегами? Потому что понятно, что это будет очень сильно влиять на политику. Спасибо.
Владимир Владимирович, Вы вкратце уже рассказали о Вашей инициативе о создании совместного российско-американского радара в Габале. 
Не могли бы Вы пояснить, где должны быть расположены ракеты-перехватчики по Вашему плану?
И не приведет ли Ваш план к ухудшению отношений России с Ираном?
Хотелось бы уточнить. Вот Вы сказали по поводу размещения ракет – в южной части Европы или на платформах. 
Где было бы предпочтительнее их разместить? 
Если в Европе, то безопасность Европы от этого не будет страдать?
Господин Президент, как Вы можете верить иранскому режиму, когда они говорят, что у них нет никаких планов создать систему с потенциалом в четыре тысячи километров?
Владимир Владимирович, Ваши западные партнеры все-таки настаивают на независимости для Косова, несмотря на то, сколько этого нужно ждать – полгода, год, или, может быть, дольше. 
Россия может при каких-то условиях с этим согласиться?
Владимир Владимирович, Вы встречались с новым Президентом Франции Николя Саркози. 
Вы могли бы рассказать о своих впечатлениях от этой встречи, о ее результатах, 
и вообще, на Ваш взгляд, насколько опытным политиком является новый Президент Франции?
Уважаемый Дмитрий Анатольевич! Добро пожаловать в Японию. У нас было хорошее впечатление и отклики о Вашем участии в саммите. 
Каково Ваше мнение о нём? 
Насколько близки и расходятся позиции России и Японии по основным проблемам, обсуждающимся во время саммита, в том числе во время двусторонних переговоров с Японией? Спасибо.
Я хочу вернуться к теме, которую Вы немного затронули – к вопросу энергетики. До приезда на Хоккайдо Вы посетили три страны, и одной из центральных тем переговоров там была энергетика.
Как эта тема поднималась на саммите, 
к каким выводам и прогнозам вы пришли на саммите на Хоккайдо? Спасибо.
Лидеры «Группы восьми» в документе по глобальной продовольственной безопасности отметили необходимость снижения экспортных ограничений. 
По Вашему мнению, в каких странах к этому вопросу наиболее протекционистский подход? 
И что США и ЕС должны сделать в вопросе поддержки сельского хозяйства?
Известно, что США подписали с Чехией договор о размещении систем противоракетной обороны. 
Скажите, каковы будут дальнейшие шаги России в отношениях с США по этому вопросу 
и обсуждали ли Вы эту тему с коллегами по «восьмёрке»? 
И если да, то какова была их реакция? Спасибо.
Дмитрий Анатольевич, у Вас за последнее время был очень насыщенный график. В Японии Вы провели более десятка двусторонних встреч. 
Не могли бы Вы выделить какие-то из них?
Дмитрий Анатольевич, накануне саммита можно было не раз услышать мнение о том, что такие встречи «большой восьмёрки» превратились в ритуальные мероприятия и совершенно нерезультативны. 
Учитывая, что Вы в первый раз участвуете в качестве Президента в саммите, насколько Ваш свежий взгляд это подтверждает или, наоборот, опровергает? 
И вообще насколько можно говорить, что лидеры «большой восьмёрки» сейчас готовы признать свою ответственность за те глобальные вызовы, которые существуют? Спасибо. 
Дмитрий Анатольевич. До приезда в Италию Вы в Москве проводили переговоры с Президентом США Бараком Обамой, и, по Вашим словам, у вас сложился достаточно хороший контакт с Бараком Обамой. 
Здесь, в Италии, удалось закрепить эти хорошие отношения 
и как на ход дискуссии здесь, в Аквиле, повлияли, если они каким-то образом повлияли, Ваши переговоры с Президентом США?
Если позволите, ещё одно маленькое добавление. Как Вы относитесь к предложению Италии провести ещё один саммит здесь, в Аквиле?
Дмитрий Анатольевич, скажите, пожалуйста, как итоговые решения деклараций саммита могут отразиться на внутренней политике России, в том числе экономической?
Сейчас всё чаще звучат предложения о необходимости преобразовать «восьмёрку» в более широкий формат – формат «тринадцати» или «четырнадцати». 
Каково Ваше видение этого вопроса?
И какие проблемы, на Ваш взгляд, «восьмёрка» могла бы решать наиболее эффективно, а какие стоит передать в более широкий формат? 
И останется ли после завершения мирового кризиса актуальным формат «двадцатки»?
Хотелось бы узнать то, что касается ВТО: Россия будет вступать как самостоятельный член, насколько это возможно, 
или в рамках Таможенного союза?
И второй вопрос. Обсуждалась ли ещё раз тема новых резервных валют 
и как Россия участвовала в этом обсуждении?
Хочу спросить о двусторонней встрече с японским премьером. 
Обсуждали ли Вы безвизовые обмены с японской стороной? 
Считаете ли Вы, что японская сторона политизирует ситуацию по поводу обмена?
Дмитрий Анатольевич, правда ли, что Россия ведёт переговоры с Киргизстаном о предоставлении ей новой базы для коллективных сил ОДКБ? И, если можно, хоть какие-то подробности.
По поводу климата Вы можете сказать, какие меры Россия принимает, чтобы уменьшить выбросы?
Дмитрий Анатольевич, Президент Обама выступил на этом саммите с новой инициативой по ядерной безопасности. Эту инициативу поддержали лидеры «восьмёрки» и Россия в том числе, судя по всему. 
И всё-таки хотелось знать, что будет со всеми договорённостями между Россией и Соединёнными Штатами в области ядерного разоружения, если Соединённые Штаты всё же не откажутся от планов размещения систем ПРО в Восточной Европе?
Здравствуйте, Дмитрий Анатольевич! В развитие темы ПРО, если позволите, короткий вопрос. Сегодня была публикация в польской прессе, которая утверждает, что вопрос решён, с американской администрацией договорились, ПРО размещать не будут.
Это всё не сильно официально, но тем не менее такая утечка произошла. 
В этой связи у меня вопрос: будете ли Вы считать это своей личной – личной, подчёркиваю, – внешнеполитической и внутриполитической победой?
И, собственно, вопрос, который у меня был, – по перспективам карабахского урегулирования. 
Как Вы считаете, как скоро может быть заключён мирный договор между Арменией и Азербайджаном 
и была ли в этой связи, поскольку тема Закавказья, была ли у Вас дискуссия с Вашим коллегой Президентом Саркози о том, то план Медведев–Саркози, собственно говоря, не сильно выполняется? 
По Грузии, имею в виду, конечно.
Дмитрий Анатольевич, это Ваш второй саммит в качестве главы государства, саммит «большой восьмёрки». С Вашей точки зрения, что за прошедший год в рамках этого клуба изменилось, 
какие игроки вышли на первый план, 
какие у Вас с ними сложились отношения 
и как бы Вы оценили, в свою очередь, премьеру на саммите Барака Обамы с учётом того, что он пока не очень понятная политическая фигура на мировой арене, но при этом возглавляет одну из крупнейших экономик мира?
Всё-таки вопрос требует уточнения. Кто подарил монетку, то есть кем эмитирована новая мировая валюта? 
Собственно, какой курс, готовы ли уже поменяться?
Дмитрий Анатольевич, Вы закончили своё вступительное слово фразой: «Реформы должны продолжаться». 
В связи с этим вопрос. Звучит очень много инициатив в последнее время о новой финансовой валютной системе в мире, и наверняка это потребует дальнейшего реформирования Международного валютного фонда, Всемирного банка и прочих системообразующих институтов. 
Как, по‑вашему, эти реформы должны проходить и в какие сроки?
Что касается реформы МВФ?
Дмитрий Анатольевич, не могли бы Вы прокомментировать сообщение по Ирану? 
Директор ЦРУ сказал, что у Ирана сейчас достаточно урана, чтобы создать оружие. 
Есть ли у России такие сведения?
Как Вы к этому относитесь?
Дмитрий Анатольевич, как Вы оцениваете итоги референдума в Киргизии?
С точки зрения наркотрафика Ваша инициатива по глобальному плану, на мой взгляд, говорит о том, что ситуация катастрофична. 
Наверное, Вы её так оцениваете.
Тем не менее львиная доля российско-американского заявления по Афганистану была посвящена в том числе наркотрафику. 
Свидетельствуют ли эти слова о том, что сделан первый, маленький реальный шаг в том, что касается Афганистана?
Дмитрий Анатольевич, Вам удалось как‑нибудь посмотреть футбол во время саммитов, в том числе матч Англия–Германия? 
Что скажете англичанам? 
За кого болеете сейчас?
Довольны ли Вы результатом обсуждения Ваших инициатив в области безопасности атомной энергетики? 
Насколько серьёзным 
и гарантирующим всё-таки безопасность будет изменение правил, 
и, с другой стороны, ужесточение этих правил не снизит ли желание каких-то стран развивать у себя энергетику?
В ходе переговоров с партнёрами по «восьмёрке» России поступило (и не раз поступало) предложение о том, чтобы провести посредническую миссию в Ливии. Насколько я понимаю, уже можно сказать, что Россия это предложение приняла. 
Скажите, пожалуйста, почему было принято такое решение, 
какие для себя здесь возможности Россия видит, как оно, возможно, будет технически организовано,
будет ли отправлена делегация в Триполи или, наоборот, Россия примем? 
И, наверное, главный вопрос: считает ли Россия, что уход Каддафи – это необходимое условие для процесса мирного урегулирования?
Дмитрий Анатольевич, по итогам встречи с Обамой Вы сказали о том (и, собственно, неоднократно уже подчёркивали), что с нынешним Президентом сложились очень хорошие, дружеские отношения. Вам удалось принять тяжелейший договор по СНВ, вы неплохо сотрудничаете по вопросу борьбы с терроризмом, но Вы сказали также о том, что всё-таки каждая из сторон будет блюсти и дальше свои национальные интересы. 
Означает ли это, что пока договорённости по ПРО можно, в общем, отложить, не принимает Америка Ваши предложения, или всё-таки есть какие-то подвижки в этом вопросе?
Дмитрий Анатольевич, по-прежнему сохраняется интрига, кто же возглавит МВФ. Хоть в рамках «восьмёрки» этот вопрос не обсуждался, но на двусторонних встречах наверняка этот вопрос поднимался. 
Кто, по Вашему мнению, может стать главой МВФ и собирается ли Россия выдвигать своего кандидата?
Вчера, после встречи с Николя Саркози, Вы заявили о том, что через две недели будет подписан контракт о приобретении французских вертолётоносцев «Мистраль». 
Означает ли это, что Россия получит доступ к западным военным технологиям, 
и не помешает ли это развитию наших военных технологий в постройке новых отечественных кораблей?
Дмитрий Анатольевич, хотелось задать вопрос о российском бизнес-климате. Вы последнее время уделяете ему довольно большое внимание.
Аналитики признали размещение «Яндекса» самым успешным за последнее время, и эксперты связывают это с общим интересом к интернет-компаниям инвесторов. 
На Ваш взгляд, может ли повлиять и насколько может повлиять успех «Яндекса» на интерес инвесторов к России как к высокотехнологичному объекту?
Господин Президент, мы знаем, что Вы обсуждали с партнёрами ситуацию по Сирии. 
Какая позиция России по этому вопросу? 
Правда ли, что Россия – единственная страна из «восьмёрки», которая выступила против новых санкций против Башара Асада?
Дмитрий Анатольевич, помимо кандидатуры главы МВФ нас интересует ещё одна кандидатура. Трудно себе представить, чтобы с Вами не обсуждалась кандидатура будущего главы Совета Федерации.
Кого Вы видите на этом посту?
У меня вопрос по интернету. Как Вы оцениваете итоги заседания, которое вчера было? 
Оно же было очень важным, поскольку оно было первое. 
И какие Ваши инициативы, которые Вы там, насколько я знаю, озвучивали, могут быть приняты международным сообществом в будущем?
Россия признает Палестинское государство в сентябре, если не будет прогресса на переговорах по ближневосточному урегулированию?
Дмитрий Анатольевич, вчера, после встречи с Обамой, было достаточно сенсационное заявление американской администрации о том, что они готовы выплатить пять миллионов долларов, но не за голову, будем так говорить, а за информацию о местонахождении Доку Умарова. 
Вы можете прояснить вообще, о чём идет речь: 
это было запросом российской стороны? 
Это Америка выступила с такой инициативой? 
О чём вообще идёт речь, о каком вознаграждении? Кто, где, кого будет искать?
Дмитрий Анатольевич, вопрос следующий. Ваши коллеги по «большой восьмёрке» интересовались ли у Вас, может быть, как-то приватно или при двусторонних встречах, о Вашем потенциальном участии в выборах Президента 2012 года, и если интересовались, что Вы им ответили?
Как Вы думаете, могут ли Россия и Япония найти общий язык и взаимоприемлемый выбор?
Вопрос по поводу Маргелова. Вы сказали, что направляете его не в Триполи, а в Бенгази. 
И второй вопрос. Вы сказали, что Каддафи должен уйти, а куда он уйдёт?
Россия примет Каддафи?
Дмитрий Анатольевич, «восьмёрка» вновь вернулась к обсуждению экономических мировых проблем, хотя прерогатива была отдана «двадцатке». 
Это значит, что участники «восьмёрки» не доверяют участникам «двадцатки»?
Дмитрий Анатольевич, мы сегодня узнали, что (не сегодня, пару дней назад) Вы освоили новую программу, и из неё узнаем много нового, интересного из Вашей жизни.
В частности, мы узнали, что сегодня Вы на завалинке побеседовали с Президентом США. 
О чём вы говорили? 
Какие вопросы обсуждали?
О чём договорились? 
И как прошла ваша встреча?
Дмитрий Анатольевич, чувствуется ли изменение приоритетов во внешнеполитических вопросах Франции с учётом дебюта Франсуа Олланда (Ф.Олланд – Президент Франции) на саммите? 
И помимо встречи с Бараком Обамой у Вас было достаточно много двусторонних переговоров. 
Хотелось бы услышать их подробности, в частности, пригласил ли Вас Дэвид Кэмерон (Д.Кэмерон – Премьер-министр Великобритании) на Олимпиаду в Лондоне? Спасибо.
Дмитрий Анатольевич, скажите, пожалуйста, каковы результаты обсуждения финансового спасения Европы?
А если подробнее? 
Как будет спасена?
Спасибо большое! Если позволите, к внутренней политике, Дмитрий Анатольевич.
После смены структуры Правительства будут ли меняться или как-то корректироваться планы работы на ближайшие годы? Спасибо!
Вопрос тоже по внутренней политике, если позволите: 
в этот раз время на формирование Правительства у Вас ушло больше. 
С чем это связано? 
И поделитесь, насколько тяжело было подбирать кандидатуры – с учётом того, что Вы объявили, что хотите обновить состав на 70–80%. Спасибо.
Владимир Владимирович, в ходе этой «восьмёрки» большое внимание прессы было уделено общению с Президентом США Бараком Обамой. Вчера мы довольно долго ждали этого события.
Скажите, после обмена посланиями поднимался ли вопрос о ПРО и, может быть, удалось достичь каких-то подвижек в этом направлении?
Владимир Владимирович, о чём Вы договорились с Обамой по Сирии, принимая во внимание тот факт, что США обвиняют Асада в применении химического оружия? 
И ещё в тексте итоговой резолюции сказано, что провести мирную конференцию нужно как можно скорее. 
А может ли такая формулировка стать поводом вообще её не проводить?
Владимир Владимирович, во время саммита мы слушали заявления некоторых политиков, читали местные СМИ.
И складывалось полное ощущение, что Вы один против семи, то ли «семь плюс один», но никак не «восьмёрка» – по крайней мере по сирийскому вопросу. 
Это так, Вы чувствовали себя одиноким?
Владимир Владимирович, кипрская ситуация обнажила проблему офшоров. 
И здесь на повестке дня вроде бы стояли вопросы борьбы с офшорами, 
Вы поднимали неоднократно эту проблему, в том числе в президентском Послании. 
Как, по Вашим ощущениям, существует прогресс в решении этого вопроса?
В продолжение экономической темы, Владимир Владимирович, интересно было бы услышать Ваш комментарий о том, что, как, наверное, Вы знаете, сегодня было объявлено о запуске переговоров между США и Европейским союзом о зоне свободной торговли.
Как Вы оцениваете перспективы, какое влияние – позитивное или негативное – это окажет на Россию?
Владимир Владимирович, Вы уже сказали, что саммит пройдёт в Сочи 3–4 июля…
Это будет новая площадка или уже имеющаяся, которая уже есть для Олимпиады? Или же это будет что-то новое? Это первое.
Второе. Вы уже тоже сказали, что от британского председательства вы некоторые темы в Сочи используете. 
А какие темы ещё будут российские? Какие британские, какие российские?
Владимир Владимирович, Россия регулярно осуждает Запад за планы поставок оружия вооружённой сирийской оппозиции, которая, как Вы сказали уже в Лондоне, отличается иногда особенной жестокостью. 
Тем не менее Россия сама поставляет оружие правительству Асада, которое по факту является одной из воюющих сторон в гражданской войне, где, по оценкам ООН, гибнут тысячи мирных людей. 
В этой связи вопрос: вы планируете продолжать эти поставки и дальше? 
Идут ли они сейчас, каких конкретно вооружений и возможны ли новые контракты? Спасибо.
Владимир Владимирович, недавно в Иране прошли выборы, как раз перед саммитом это было. Вы обсуждали, наверное, и иранскую ядерную проблематику на саммите. 
Вы не могли бы прокомментировать, как может измениться позиция Ирана на международной арене в связи с избранием нового президента?
Были ли сегодня приняты решения по новой мировой финансовой архитектуре 
и насколько эти решения справедливы, с Вашей точки зрения, учитывая, например, и то, что, насколько я понял, сегодня о глобальной резервной валюте речь так и не зашла?
Не задать этот вопрос было бы преступлением. 
Вы встретились с Президентом США Бараком Обамой. 
Вам удалось взглянуть ему в глаза. 
Вы там что нибудь увидели?
Дмитрий Анатольевич, в коммюнике саммита записано, что страны «двадцатки» потратят до конца следующего года пять триллионов долларов на развитие своих экономик. 
Не могли бы Вы сказать, как эта цифра была выработана, 
каким Вы видите вклад России в эту цифру 
и, вообще, давал ли кто то конкретные обещания по цифрам?
Дмитрий Анатольевич, при предыдущем Президенте США во многом проблемы в российско-американских отношениях сглаживались именно благодаря хорошим личным отношениям между лидерами. 
За те полтора часа, которые у Вас были на общение с Президентом Обамой, установились ли у Вас хорошие личные отношения? 
И в дополнение к этому вопросу. Мало было сказано о противоракетной обороне: 
может быть, Вы видите какие то подвижки в этом вопросе?
Дмитрий Анатольевич, все участники саммита согласились с тем, что нужно быть более открытыми, что нужно раскрывать информацию о собственниках компаний, о сделках, о слияниях и поглощениях, в том числе о бонусах и премиях, которые выплачиваются руководству компаний.
 В Америке уже принята инициатива о налогообложении бонусов. 
Может быть, в России подумать о том, чтобы ввести законодательные ограничения на премии и бонусы компаниям, получившим государственную поддержку?
К саммиту «двадцатки» все задавали вопрос: те решения, которые здесь приняты, это начало конца кризиса или это очередной этап подготовки, развития чего то. 
Чего ждать людям? 
Это начало конца кризиса или нет?
Дмитрий Анатольевич, насколько нам известно, Вы сегодня упоминали о проблеме протекционизма на саммите и даже говорили, что Россия готова отказаться от таких мер. 
О чём идёт речь: о мерах, которые уже приняты,
мы откажемся от дальнейшего введения каких либо заградительных пошлин 
или мы будем смотреть на то, как остальные страны ведут себя по этому вопросу?
Добрый день. Дмитрий Анатольевич, Вы уже говорили о том, что приняты решения о некоторой специализации саммита G20, то есть он будет заниматься экономическими проблемами. 
Тогда какие функции остаются у «восьмёрки», 
и насколько строгой будет эта специализация? 
То есть будет ли «восьмёрка» обсуждать экономические проблемы или теперь она будет обсуждать какие то другие, которые не определены?
 И есть ли желание подвёрстывать саммиты «двадцатки» к «восьмёрке»? То есть будут ли они проходить в связке?
Дмитрий Анатольевич, сегодня «двадцатка» приняла ряд важных решений по ограничению бонусов для банковских топ-менеджеров. 
Как эти решения будут реализовываться в России? 
Возможно, будет принят отдельный закон? 
И вообще, на Ваш взгляд, за последние полгода банковские топ-менеджеры стали более скромными?
Кризис показал, что в тупике находится не только мировая экономика. 
А выступление в том числе Барака Обамы на Генассамблее ООН показало, что США, похоже, пытаются воспользоваться конструкцией, когда если ты не можешь противостоять процессу, в данном случае процессу слома однополярного мира, то надо его возглавить. 
В том числе даже по изменению климата, что ещё недавно отрицали Штаты. 
Что из этого, по вашему, может получиться?
И второй вопрос. Насколько я понимаю, вопрос о налоговых гаванях и несотрудничающих юрисдикциях сегодня практически не поднимался. 
Значит ли это, что проблема решена? 
Особенно применительно к России: то, что российские компании, порой даже крупные, работают через оффшоры и принадлежат неизвестно кому, 
– что это значит? 
Это недостаток патриотизма, законодательства или даже совести с их стороны?
Дмитрий Анатольевич, позвольте вернуться к теме Ирана: она сегодня получила новый оборот. 
Скажите, насколько информация о строительстве второго завода стала для Москвы неожиданной,
 и, если к 1 октября Иран не предоставит доказательств того, что их ядерная программа носит мирный характер, на какие шаги Москва готова пойти в этом случае?
Дмитрий Анатольевич, Вы сказали о том, что работа над договором СНВ-2 скорее всего будет завершена в ранее намеченные сроки. 
В связи с этим – не собираетесь ли Вы в конце года вновь посетить США и нанести ответный госвизит? 
И, если можно, поделитесь своими впечатлениями об Америке:  понравилась ли она Вам; 
если да, то чем?
Господин Президент, США изменили свои планы в сфере ПРО в Европе. 
Остаются ли у России планы по размещению ракетных комплексов «Искандер» в Калининградской области в настоящий момент?
Ваша статья «Россия, вперёд!» произвела большой резонанс в России. 
А во время Вашей поездки, общения с иностранными лидерами, экспертами они как то обсуждали идеи этой заметки? 
Вообще, Вам поступают из за рубежа какие то предложения? 
И в чём эти предложения заключаются?
Дмитрий Анатольевич, Вы не очень много сказали про какие то продвижения по мировой финансовой архитектуре на саммите – вот эти обсуждения. 
Может быть, Вы более подробно уточните, какие Ваши предложения поддержаны, какие ещё не поддержаны? Спасибо.
Дмитрий Анатольевич, Вы вчера на встрече со студентами [в Питтсбургском университете] сказали, что у Вас не было каких то сверхъестественных президентских амбиций. 
Сейчас Вы уже год с лишним проработали в должности главы государства. 
Как изменилось Ваше восприятие этой работы? 
И, на Ваш взгляд, какой самый большой плюс в работе Президента 
и самый большой минус?
Если позволите, я к вопросу про МВФ вернусь. 
Вы сказали, что пятипроцентное перераспределение квот – это компромисс.
Вы можете сказать, за этим компромиссом есть какие то фундаментальные экономические показатели или это среднеарифметическое между разными позициями?
И Вы тоже рассказали, что пришло понимание, что кто то должен подвинуться. 
Вы говорили конкретно, кто?
Дмитрий Анатольевич, Вы закончили своё вступительное слово фразой: «Реформы должны продолжаться». 
В связи с этим вопрос. Звучит очень много инициатив в последнее время о новой финансовой валютной системе в мире, 
и наверняка это потребует дальнейшего реформирования Международного валютного фонда, Всемирного банка и прочих системообразующих институтов. 
Как, по-вашему, эти реформы должны проходить 
и в какие сроки? Спасибо.
Дмитрий Анатольевич, не могли бы Вы прокомментировать сообщение по Ирану? 
Директор ЦРУ сказал, что у Ирана сейчас достаточно урана, чтобы создать оружие. 
Есть ли у России такие сведения? 
Как Вы к этому относитесь?
Дмитрий Анатольевич, как Вы оцениваете итоги референдума в Киргизии?
С точки зрения наркотрафика Ваша инициатива по глобальному плану, на мой взгляд, говорит о том, что ситуация катастрофична. 
Наверное, Вы её так оцениваете. 
Тем не менее львиная доля российско-американского заявления по Афганистану была посвящена в том числе наркотрафику. 
Свидетельствуют ли эти слова о том, что сделан первый, маленький реальный шаг в том, что касается Афганистана?
Дмитрий Анатольевич, Вам удалось как-нибудь посмотреть футбол во время саммитов, в том числе матч Англия–Германия? 
Что скажете англичанам? За кого болеете сейчас?
Дмитрий Анатольевич, Вы сейчас упомянули об одной из самых главных тем саммита – это угроза валютных войн.  
На Ваш взгляд, что будет происходить, если всё‑таки события, которые развивались в последнее время, будут развиваться и дальше – и валютные войны всё‑таки начнутся?
Что будет происходить с мировой экономикой, с российской экономикой? 
И, безусловно, всех интересует вопрос, что будет с российским рублём в этой ситуации?
Дмитрий Анатольевич, Вы особо отметили, что следующий саммит «Группы двадцати» будет уже посткризисным. 
В связи с этим, на Ваш взгляд, по итогам этого саммита насколько лидеры вообще проявили готовность договариваться уже в этот посткризисный период? 
Потому что понятно, что, когда был кризис, все, в общем, действовали сообща. 
Что сейчас?
И в этой связи подвопрос. Вчера на бизнес-саммите Вы сказали о том, что дополнительный рост экономике может придать развитие малого и среднего бизнеса. 
Что Россия намерена предпринять в этой связи? 
Какие меры уже приняты и чего стоит ждать? 
И как эту идею восприняли Ваши коллеги?
Дмитрий Анатольевич, невольный вопрос, навеянный тем, что я представляю газету «Коммерсант»: наша газета вчера сообщила о том, что сеть российских разведчиков в США выдал сотрудник СВР полковник Щербаков и что в СВР сейчас идёт масштабное расследование. 
Как Вы думаете, какие результаты могут быть у этого расследования 
в кадровом плане для руководства СВР или в организационном?
Что касается «Базеля-3», как Вам кажется, какое влияние окажет на российскую банковскую систему введение «Базеля-3»? 
Во‑вторых, как Вы относитесь к идее перевести наши банки на международные стандарты финансовой отчётности и отменить наконец российские стандарты бухгалтерского учёта?
Дмитрий Анатольевич, Вы в Сеуле не встречались с Вашими коллегами из стран БРИК?
В ходе дискуссий страны БРИК здесь занимали различные, иногда противоположные позиции, в том числе по поводу количественного смягчения, которое проводит Федеральная резервная система США. 
С Вашей точки зрения, с учётом этих разногласий, каково будущее этой группы, 
и будет ли она каким‑то образом трансформироваться или, может быть, расширяться?
Дмитрий Анатольевич, у меня вопрос по внутренней политике. На прошлой неделе Совет Федерации голосовал по закону, который изменяет процедуру наделения сенаторов полномочиями. 
До этого голосования Сергей Михайлович Миронов написал письмо о том, что он не согласен с этой процедурой. 
Как Вы считаете, чем это вызвано? 
Тем, что Сергей Михайлович очень заботится и переживает по поводу сенаторов, или тем, что он боится, что его полномочий станет несколько меньше? 
И какое Вы видите политическое будущее для Сергея Михайловича Миронова?
Дмитрий Анатольевич, если вернуться к визиту в Корею, обсуждался ли вопрос насчёт транскорейской магистрали? 
Какие политические решения, Вы считаете, необходимо принять для того, чтобы реализовался этот замечательный проект воссоединения транскорейской магистрали?
Да, соединения с Транссибом и так далее. Что Россия может и что она для этого делает в плане сближения двух Корей?
Дмитрий Анатольевич, принято ли сегодня на «двадцатке» консолидированное решение по спасению Греции и еврозоны в целом?
Изменились ли как то российские предложения по поддержке в связи с последними событиями в Греции? 
Недавно называлась цифра 10 миллиардов. 
Сколько готов потратить БРИКС? 
Есть ли согласованная, консолидированная цифра для помощи Греции и еврозоне? Спасибо.
Дмитрий Анатольевич, Вы сегодня на форуме «бизнес-двадцатки» упоминали об авторских правах в интернете, в том числе в Вашем послании к лидерам «двадцатки» на сайте Кремля. 
Интересна реакция партнёров по «двадцатке» на эту тему.
Хотела спросить по поводу ВТО. 
Сейчас идёт противоречивая информация относительно переговорного процесса. 
Хотелось бы узнать, на какие условия, какие предложения согласилась Россия, в том числе, может быть, в части мониторинга товаров, переправляемых через границу.
То есть мы согласны на предложение Швейцарии?
Владимир Владимирович, Вы за эти два дня очень много, наверное, говорили с Вашими партнёрами по сирийской проблеме. 
И многие Ваши партнёры считают, что эту проблему невозможно разрешить без смены режима, так сказать, без ухода Президента Асада. 
Вы неоднократно говорили, что Россия не держится за режим Асада, но необходимо знать ответ на вопрос, что будет дальше, что будет в постасадовской Сирии. 
Наверняка Вы задавали этот вопрос Вашим партнёрам. 
Что они Вам ответили? 
Устраивает ли это видение, которое было выражено Вашими партнёрами, Вас? 
Если устраивает, то готова ли Россия согласиться на уход и на смену режима?
Владимир Владимирович, Вы сказали о 10 миллиардах долларов, которые Россия выделяет Международному валютному фонду. 
Этой же дорогой идут и другие страны 
– выделяется более 400 миллиардов долларов. 
Но, выступая на ряде встреч, выступая в газетах, Вы высказали мысль, что вливание ликвидности – это мера, которая может на каком-то этапе стабилизировать ситуацию, но не является системной. 
Какие системные меры Вы видите для того, чтобы мировую экономику «привести в чувство» и улучшить ситуацию в ней?
Мы тут гадаем, поедете ли Вы на летнюю Олимпиаду в Лондоне. 
Есть разные версии. 
Возможно, Вы обсуждали эту тему с господином Кэмероном. 
Не могли бы сейчас внести ясность? Спасибо.
Владимир Владимирович, звучит, конечно, необычно, но Вы новичок на саммитах «большой двадцатки». 
С другой стороны, это даёт Вам возможность без излишнего политического, дипломатического этикета сказать, что Вам нравится, что не нравится, что надо поменять, тем более что Россия будет возглавлять следующий саммит «большой двадцатки». 
Вы считаете, что можно поменять, а что нужно оставить?
У меня  вопрос о Вашей встрече с Бараком Обамой. 
В последнее время появляются сведения о том
Насколько подробно эта тема обсуждалась во время Вашей беседы с Президентом США, 
и какие доводы Вы привели ему в этом разговоре?
На Ваш взгляд, есть ли у кризиса в еврозоне тенденция к серьёзному ухудшению,
 и не поэтому ли Россия, например, раздумывает о выделении кредита Кипру? 
Вторая часть вопроса: как Вы после совещания «двадцатки», на котором присутствовали, оцениваете действия коллег из Европы по преодолению этого кризиса?
Относительно Ваших переговоров с Обамой. 
Хотела бы уточнить
стоит ли нам рассчитывать на улучшение отношений с США
И будет ли решена такая проблема
Я вчера прочитал Вашу статью, которая была опубликована в мексиканской газете «El Universal». 
В этой статье Вы подчеркнули необходимость улучшения
У меня такой вопрос: кто или какой политик для Вас является моделью? 
В последнее время Вы высоко оцениваете пример реформатора Петра Столыпина.
Как раз в продолжение темы о Бараке Обаме. 
Вы провели много встреч
Отталкиваясь от этого: с кем бы Вы пошли в разведку?
Владимир Владимирович, в Чеченской Республике при всемерной Вашей поддержке, благодаря усилиям Рамзана Кадырова восстановлены города и сёла, социальная сфера. 
Вместе с тем остаётся вопрос промышленности, создания рабочих мест.
Это очень злободневный вопрос сегодня.
И в этой связи хотел бы напомнить, что флагманом чеченской промышленности всегда была нефтяная отрасль, 
а сегодня, как известно, «Роснефть» тормозит строительство НПЗ. 
Скажите, пожалуйста, Вы как Президент можете содействовать восстановлению промышленности, строительству НПЗ? Это первый вопрос, Владимир Владимирович.
И второй вопрос. Владимир Владимирович, лично к Вам обращаюсь. Вы знаете, что в Великую Отечественную войну велась битва за Кавказ, в первую очередь за Грозный. 
Сырьё поставлял тоже Грозный наряду с Баку. 
Грозненцы вместе с другими народами России защищали рубежи на фронтах. 
Мы все эти годы надеялись, что город Грозный получит звание «Город воинской славы», но до сих пор этого не случилось.
К Вам просьба и вопрос, Владимир Владимирович.  Повлияйте, пожалуйста, на эту ситуацию, чтобы кандидатура Грозного беспристрастно была рассмотрена на присвоение почётного звания «Город воинской славы».Спасибо большое.
Владимир Владимирович, наверное, без преувеличения можно сказать, что тень Сирии нависала над нынешним «саммитом двадцати», в то время как по вопросам сугубо экономической повестки дня лидерам удалось найти взаимоприемлемые решения. 
В вопросе, что делать дальше с Сирией, как нам стало известно, мнения разделились примерно поровну. 
В связи с этим хочется спросить: насколько повлияли и могут ли повлиять в дальнейшем политические разногласия на принятие экономических решений? 
И что ждёт в дальнейшем отношения России и Запада?
Владимир Владимирович, хотел у Вас спросить, в итоге получилось ли Вам встретиться с Бараком Обамой, хотя эта встреча не планировалась, но, может быть, на ногах, в неформальной обстановке? 
У многих экспертов и журналистов складывается мнение, что есть определённое разногласие по международной политике у США и России, но отпечаток накладывается из за того, что у Вас с Президентом США не складываются отношения, как то не получается. 
Как в своё время у Вас со Шрёдером были хорошие отношения, а здесь как то не сложились. 
Так ли это? 
Как Вы можете охарактеризовать отношения с Обамой?
Вы только что сказали, что никакого сближения позиций между Вами и Президентом Обамой на встрече не произошло. 
А можете ли Вы сказать, что во время встречи с остальными лидерами чьи то позиции изменились в отношении Сирии хотя бы немного?
Коль у вас была встреча на 20–30 минут, и линии коммуникаций между Вашингтоном и Москвой улучшаются, не входит ли в эти линии коммуникаций возможность обмена Эдварда Сноудена на кого то из российских граждан, которые, как считает российский МИД, несправедливо осуждены в Соединённых Штатах
в первую очередь господин Бут?
А что касается сближения позиций остальных лидеров?
Добрый день, Владимир  Владимирович! Я вернусь, если позволите, к проблеме Сирии. Каковы, по Вашему мнению, возможные последствия возможного удара США по Сирии на Ближнем Востоке, особенно в таких странах, как Египет, где новая власть заявляет о борьбе с терроризмом? 
И вообще, как Вы оцениваете ситуацию в Египте сейчас?
Я редактор газеты «Общество и экология», 14 лет её издаю и смотрю на экономику глазами эколога.
 Хотелось бы Вам сказать, что саммит G20 – это очень важное как с формальной, так и с содержательной точки зрения явление для России и для всего мира, очень важное. 
Он организован очень хорошо, по крайней мере в той части, где мы общаемся с журналистами. 
Я тоже опрашивал наших коллег. 
Мне хочется задать вопрос стратегического характера. 
На саммите много говорят об экономике, о финансах, о деньгах, но не говорят или мало говорят, а для меня, по сути, не говорят, об экологии, об информационной политике, о социальной справедливости, о мировоззрении, а ведь Вы своим указом объявили 2013 год Годом охраны окружающей среды. 
Это явление непосредственно влияет, должно влиять на представителей в том числе и саммита. 
И создаётся впечатление, что на саммите хотят обойти вниманием вопросы экологии и охраны окружающей среды. 
Может даже создаться впечатление, что саммит решает вопросы «мелкого косметического ремонта» капиталистической системы мирового хозяйствования. 
А ведь вся экономика не может вечно рост давать, потому что земля наша не резиновая, когда-то этот экономический рост должен прекратиться. 
Поэтому я хотел бы задать Вам вопрос о Вашем личном видении мировых лидеров: готовы ли они говорить об устойчивом развитии, об экологической безопасности, 
а не только об экономике как таковой? 
Владимир Владимирович, я тоже хочу ненадолго опять вернуться к проблеме Сирии, потому что это всё таки вопрос, который, наверное, по большей части обсуждался за закрытыми дверями. У меня следующий вопрос. 
Вы как то говорили, что Россия ни при каких условиях не будет вмешиваться собственно в военный конфликт в Сирии. 
И в связи с этим: если всё таки военные действия там начнутся, Россия будет помогать Сирии?
Нет, я имею в виду извне. 
Будет ли Россия помогать Сирии? 
По Вашему мнению, в какой ещё стране может возникнуть подобная ситуация, как в Сирии?
Где Вы так простыли? 
Или это были споры до хрипоты?
Вопрос по «зелёной» экономике и энергетике. В связи с принятием решения о консолидации бюджетов повлияет ли это на налоговую политику нашей страны в части предоставления льгот нефтегазовым компаниям на континентальном шельфе, в том числе и арктическом, 
с учётом того, что риски высокие, экономические в первую очередь, и высок риск невозврата этих инвестиций?
А риски для бюджета в итоге колоссальные, конечно. 
Владимир Владимирович, здравствуйте! Телеканал «Дождь». Я хотел бы у Вас спросить про международные отношения в связи с Беларусью, в связи с делом «Уралкалия», Баумгертнером и заочным арестом Сулеймана Керимова. 
Понятно, что мы себя часто сравниваем с Америкой, с Западом. 
В этой ситуации сложно представить, если бы где то на стороне был арестован гендиректор «Кока-колы», что власти долго бы молчали и никак не реагировали. 
С чем связано такое Ваше затишье? 
Пока не было ни одного упоминания по «Уралкалию». 
И разговаривали ли Вы с Лукашенко по этому вопросу? 
Какая у него была реакция? Спасибо.
Вы встретились с Дэвидом Кэмероном. 
Как бы Вы охарактеризовали ваши отношения? 
Есть ли какие то проблемы, препятствия, недопонимание?
Владимир Владимирович, сначала хотел бы поздравить с успешным проведением саммита. У меня два вопроса.
Мы знаем, что вчера Вы встретились с Председателем КНР и свидетельствовали о подписании ряда документов о сотрудничестве. 
Обе стороны выразили готовность к расширению сотрудничества.
 Хотел бы уточнить, каким образом будут укрепляться китайско-российские связи?
И второй вопрос. Мы знаем, что в последние годы в России проходит и пройдёт большое количество крупных мероприятий, таких как форумы, саммиты, АТЭС, «восьмёрка», ШОС, БРИКС, пройдет Олимпиада и чемпионат мира по футболу. 
Хотелось бы уточнить, какие первоначальные намерения у России в проведении стольких крупных мероприятий? Спасибо
Владимир Владимирович, в Китае и здесь, в Австралии, наверняка же затрагивалась санкционная тематика? 
И если да, то в каком формате это было и в каком ключе: 
на общих заседаниях, может быть, а двусторонках, в коридорах где то?
В интервью накануне саммита «большой двадцатки» Вы сказали о том, что у России на случай резкого ухудшения экономической ситуации есть план действий, в том числе на случай, как Вы сказали, катастрофического падения цен на нефть. 
Не могли бы Вы подробнее рассказать о том, что это за план, в чём он заключается?
И сейчас, в последние дни, довольно бурное обсуждение получила ситуация вокруг компании «Роснефть». 
Некоторые считают абсурдным идею возможного выделения денег этой компании в нынешней непростой экономической ситуации. 
А Вы как считаете? Спасибо.
Вы говорили о периоде турбулентности в мировых делах. 
Есть ли прогнозы, сколько это может продлиться?
Каковы, на Ваш взгляд, итоги этого саммита именно для России, потому что он проходил в довольно сложной внешнеполитической обстановке, в условиях санкций? 
Довольны ли Вы атмосферой на саммите? 
Не было ли у Вас ощущения, что на Вас ваши коллеги пытались оказывать давление в связи с ситуацией на Украине?
Мне бы хотелось, Владимир Владимирович, чтобы Вы всё таки вернулись ещё к Украине более подробно.
Обсуждалась ли Украина в формате конкретно «двадцатки»? 
Если да – в каком контексте? 
Как Вы оцениваете нынешний этап развития ситуации на Украине? 
Нынешний, на мой взгляд, особенно тревожный. Спасибо.
Скажите, пожалуйста, какое Ваше впечатление от общения с господином Эбботом?
Как я понимаю, одной из центральных тем саммита стала борьба с терроризмом. 
Понятно, что без эффективной борьбы против финансирования террористов победить эту проблему не удастся. 
Обсуждались ли какие то конкретные меры на саммите? 
В каком ключе шло обсуждение этих мер? 
До чего в итоге договорились?
Владимир Владимирович, в основе «двадцатки» всегда были экономические вопросы.
Какие из экономических тем, которые Вы обсуждали с лидерами, Вы бы для себя выделили? 
И подвопрос: Вы занимались экономикой и на полях саммита, встречались с главой МВФ. 
О чем вы говорили, 
каковы итоги переговоров 
и в чем суть предложений, которые Вы сделали по долговой проблеме Украины МВФ?
Владимир Владимирович, эксперты много говорили о преемственности повестки турецкого председательства и позапрошлогоднего саммита, который Россия провела в Санкт-Петербурге.
Как Вы считаете, подтвердилась ли эта преемственность?
Очень много разговоров после событий, которые были в Париже, о том, что могут состояться кардинальные изменения, качественные изменения в отношениях между Россией и Западом. 
Как Вы относитесь к этому? 
Вы видели какие нибудь конкретные доказательства тому на ваших сегодня встречах, допустим, с Премьер-министром Великобритании или вчера с Президентом США?
Я, наверное, вернусь к теме терроризма. 
За последний месяц по всему миру прошла серия трагических событий, причём в самых разных точках: взрывы в Багдаде, подготовка к взрывам и терактам в Стамбуле, крушение нашего самолёта (я знаю, да, что нет пока окончательной версии, что это было, но, на взгляд всех экспертов, вероятность теракта исключать нельзя), последние кошмарные взрывы в Париже. 
Франция начала массированную атаку, операцию в Сирии.
Каждый лидер на любой встрече и на каких то общих собраниях здесь говорил о необходимости объединить усилия. 
Как Вы считаете, возможно ли в этих условиях создать действительно единую антитеррористическую коалицию 
и что она из себя должна представлять, 
потому что об объединении усилий говорят все, но при этом никто не говорит, какие у неё должны быть параметры, как она должна выглядеть?
Владимир Владимирович, у Вас на полях саммита состоялась встреча с Реджепом Тайипом Эрдоганом.
Это был ваш первый контакт после выборов в Турции, где Эрдоган и его партия подтвердили статус-кво в политической жизни Турции. 
В связи с этим было ли по итогам этих переговоров Вам сложнее говорить с турецкой стороной, например, про ту же Сирию? 
И что будет с таким проектом, как «Турецкий поток», и другими энергетическими проектами, о которых договаривались дальше?
Хотелось бы вернуться к украинской тематике, тем более Вы вчера встречались с Ангелой Меркель, а Германия входит в нормандский формат. 
Обсуждался ли украинский кризис? 
И нет ли у Вас опасений, что в тот момент, когда мировое сообщество сконцентрировано на теме борьбы с терроризмом, там, на Донбассе, вновь может разгореться конфликт?
Владимир Владимирович, часто можно было слышать, что Ваши западные партнёры обвиняли Россию в том, что российские ВКС в Сирии наносят удары не по ИГИЛ, а по так называемым умеренным группировкам. 
Сейчас в ходе саммита изменилось мнение, 
как Вы почувствовали в ходе дискуссий?
В ходе операции, возглавляемой США против ИГИЛ, ИГИЛ сломить не удалось. 
И вторая часть вопроса. В чём Вы видите в военном отношении разницу между действиями России и действиями коалиции, возглавляемой США? Спасибо.
С момента крушения российского аэробуса прошло достаточно много времени, причём остаются сложности, о которых Вы говорили. 
Когда всё таки можно ждать окончательного вердикта о причинах этой трагедии?
И второе, позвольте. Насколько сегодня, по Вашему, велика угроза повторения того, что случилось в Париже, в российских городах? 
Что делается для минимизации этих угроз? Спасибо.
Владимир Владимирович! В этом году впервые ключевые темы саммита «большой двадцатки» были близки в прикладном плане – темы, которые актуальны для внутриэкономической ситуации. 
Это построение инновационной экономики, доступ к новым технологиям, вообще к технологиям, справедливая торговля, новая финансовая система. 
Не могли бы Вы рассказать, как проходила дискуссия с Вашими коллегами в Ханчжоу по этим темам  
и что это было больше – упражнение в красноречии (как Вы здесь сказали) или же это будет иметь прикладное значение для России?
Япония по‑прежнему является членом «семёрки», 
и как Вы считаете, совместная позиция «семёрки» об Украине может мешать развивать двусторонние отношения с Японией? 
И как Вы оцениваете то, что Премьер-министр Абэ пригласил Вас не в Токио, не в Исашима, а в Ямагути?
Удалось ли Вам продвинуться вперёд по ситуации в Сирии на переговорах с Президентом США?
Ту же тему Вы обсуждали, насколько я понимаю, на переговорах с Президентом Турции. 
Ясны ли для Вас цели Турции в Сирии? 
Не получится ли так, что турецкие войска зайдут на территорию Сирии и там останутся?
Можно я продолжу немножко? 
Был ли для России неожиданным недавний ввод турецких войск в Сирию? 
И у Вас уже вторая за месяц встреча с Президентом Эрдоганом. 
Как Вы в целом оцениваете ход реализации той самой реанимации восстановления двусторонних отношений?
Владимир Владимирович, одна из интересных тем – это встреча на полях саммита с Вашим американским коллегой Бараком Обамой. 
Сирийский трек уже был затронут Вами сейчас, вы ещё обсуждали Украину. 
Какие ещё темы вы обсуждали?
Как вообще прошла встреча? 
Затрагивалась ли какая‑то санкционная тематика? 
Вот об этом событии расскажите, пожалуйста.
Владимир Владимирович, разрешите уточнить по взаимоотношениям с Японией. 
На пленарном заседании во Владивостоке Синдзо Абэ довольно эмоционально, перейдя даже на «ты», призывал Вас принять историческое решение, взять на себя ответственность. 
Имелась в виду, безусловно, территориальная проблема. 
У обеих сторон разные взгляды.
Когда вы обсуждали, что хочет Япония и на что готова пойти Россия? 
Где эта «красная линия» в отношении Южных Курил?
Владимир Владимирович, по БРИКС хотелось бы вопрос задать.
Вот в этом формате встречались сейчас на полях «двадцатки». 
Стабильные ситуации в экономике и в политике в странах БРИКС, но есть исключения, если говорить, в частности, о Бразилии.
В этой связи комфортно ли сейчас общаться, планировать что‑то на будущее, обсуждать какие‑то важные моменты?
С чем мы едем в Индию? 
И какова, собственно, повестка будет? 
И, поскольку такое немножко неформальное общение, чуть-чуть к Обаме позвольте вернуться.
Говорилось о том, что он инициативу проявил встретиться с Вами. 
Когда он проявил эту инициативу? 
На каком этапе вчерашнего дня он подошёл к Вам и предложил встретиться? 
И когда сегодня Вы выходили из зала, Вы посмотрели на часы, – говорит ли это о том, что пообщаться удалось дольше, чем предполагалось? 
И продуктивнее, может быть?
По БРИКС?
Вы встречались вчера с новым Премьер-министром Великобритании Терезой Мэй. 
Каковы результаты этой встречи, Ваши впечатления от неё? 
И как Вы считаете, есть ли перспективы на нормализацию отношений между двумя странами, 
и если есть, то какие?
Владимир Владимирович, если позволите, в продолжение других двусторонних Ваших переговоров.
Все ждали, по крайне мере, мы, журналисты, сегодня на этом саммите, что Вы проведёте трёхсторонние переговоры с главами Франции и Германии. 
Но, как я понимаю, по их инициативе были проведены отдельные встречи.
Главной темой, естественно, наверное, была Украина.
О чём удалось договориться?
 И вообще, раз уж если вы по отдельности Украину обсуждали, каково будущее у «нормандского формата»?
И Вы будете общаться с Порошенко?
Владимир Владимирович, позвольте про Саудовскую Аравию и про Ваши переговоры с бен Сальманом.


Вы обсуждали, я так понимаю, и Сирию, и какие‑то военные вопросы. 
И в то же время точно много говорили про нефть, потому что сегодня было объявлено о некоем соглашении между Россией и Саудовской Аравией. 
Я говорю «некое», потому что там нет всё‑таки конкретных параметров, просто говорится о том, что две стороны собираются вместе сотрудничать для балансировки нефтяного рынка. 
 Но хотелось в этой связи про нефть чуть конкретней у Вас уточнить
Саудовцы всё‑таки говорят, что пока заморозка не нужна, а Вы считаете, что она нужна.
Да. Министр был на брифинге. 
Мы как бы говорим о том, что заморозка – наиболее идеальный способ решения проблем балансировки цен на мировом нефтяном рынке, саудовцы говорят, что пока этого делать не надо. 
Всё‑таки когда это должно быть сделано, 
должно ли это быть сделано, 
какого уровня цены на нефть Вы хотите достигнуть за счёт этого соглашения, которое сегодня заключило с Саудовской Аравией Министерство [энергетики] России?
И второй момент. После нефти ответьте ещё немножко про Сирию. 
Всё‑таки конкретно вопросы военного сотрудничества с Саудовской Аравией и с Обамой Вы проговаривали, 
и то соглашение с США по Сирии, по которому Вы говорите, что, возможно, будет достигнуто, насколько амбициозно, 
позволит ли оно к совместным военным действиям, например, в Сирии привести?
Она сейчас справедливая?
Саммит «двадцатки» показал, что, собственно, у всех стран есть экономические и политические проблемы, и Россия не исключение. 
Но часто так бывает, что, действительно, сложнейшие проблемы решаются на человеческом уровне, когда лидеры исчерпывают возможности для восстановления диалога, а как‑то на простом уровне проблемы начинают решаться. 
Пример Эрдогана, например: 
тоже такая история была, когда человек погорячился и дал понять, что он погорячился, сдал немножко назад, и теперь отношения с Турцией восстанавливаются.
Великобритания. Тоже вроде бы ничего не изменилось, но сменился лидер, и есть шанс теперь на восстановление.
Но хочется к Обаме опять же перейти – ключевой партнёр и всё такое.
Есть, может быть, что‑то такое, что если бы Обама сказал: «Я в этом месте погорячился», – может быть, секторальные санкции, может быть, персональные. 
Что‑то, может быть, Вас как‑то задело, показалось несправедливым? 
Если бы он как‑то по‑человечески, не как лидер страны, сказал: «Да, я тут немножко перегнул»
Здравствуйте! Как Вы оцениваете вклад Китая в развитие мировой экономики
и механизм работы «большой двадцатки»?
Скажите, обсуждалась ли проблема создания де-факто закрытых объединений, таких, как трансатлантическое торговое инвестиционное партнёрство, транстихоокеанское партнёрство? 
На Ваш взгляд, проведение встреч, например в формате «двадцатки», насколько это эффективно, если ряд стран всё равно действуют по своим собственным правилам?
И в таких условиях, на Ваш взгляд, насколько Россия готова к конкуренции на глобальном рынке в таких непростых экономических условиях?
А что касается готовности к конкуренции…
Владимир Владимирович, возвращаясь к сотрудничеству с Китаем. 
И на площадках саммита, и в кулуарах, и перед его началом фигурировала не раз тема касательно Гаагского суда относительно Южно-Китайского моря. И не раз эти территориальные споры комментировал и Президент США Барак Обама, ещё до приезда на саммит, и китайская сторона, глава КНР Си Цзиньпин давал свой комментарий. 
И не раз эти территориальные споры комментировал и Президент США Барак Обама, ещё до приезда на саммит, и китайская сторона, глава КНР Си Цзиньпин давал свой комментарий.
Какова позиция России по этому вопросу? 
Хотелось бы услышать Ваше мнение. 
И особый интерес, конечно, вызывают российско-китайские учения «Морское взаимодействие», которые пройдут как раз в акватории Южно-Китайского моря.
Владимир Владимирович, про доверительные отношения можно ещё? 
Си Цзиньпин попробовал мороженое? 
Понравилось ли оно ему?
Какое мороженое?
Один вопрос, не связанный с саммитом, но который обсуждается последние дни. 
После смерти Ислама Каримова выдвигаются различные версии по поводу развития ситуации в Узбекистане. 
Каков Ваш прогноз, как будут развиваться отношения Москвы и Ташкента в ближайшее время? 
Нет ли у Вас опасений?
Владимир Владимирович, известно, что как эксперты, так и рядовые граждане, часть из которых сейчас буянит, протестует неподалёку от этого здания, по-разному оценивают полезность саммитов «двадцатки». 
На этом, например, больше разговоров было о Вашей встрече с Трампом. 
Тем не менее какая тема, которую обсуждала нынешняя «двадцатка», по Вашему мнению, самая актуальная для России? Спасибо.
Владимир Владимирович, я продолжу тему моего коллеги. 
Хотя политических вопросов на саммите было много, они всё больше и больше на «двадцатке» появляются, тем не менее Вы перечисляли экономические темы, они всё же в приоритете. 
Многие выступающие, министры разных стран, отвечающие за экономику, говорили о том, что 2017 год может стать годом роста мировой экономики. 
Насколько, Вы считаете, это оправданно и коснётся ли этот рост России с учётом неблагоприятных тенденций – санкций, ограничений, других факторов?
Владимир Владимирович, к Вашей встрече с Трампом было приковано внимание всего саммита, это без преувеличения можно сказать. 
Как Вы оцениваете итоги этой встречи? 
Ведь не секрет, что в Польше, например, звучала достаточно жёсткая риторика из уст американского Президента, американские СМИ вообще провели недружественную «артподготовку». 
Трамп прямо ставил вопрос о вмешательстве России в выборы в США? 
Вам он по-человечески понравился? 
Вам удастся поладить, как Вы считаете?
В развитие Вашего ответа скажите, пожалуйста, Президент Трамп, когда Вы отрицали российское участие, российское вмешательство в американские выборы, согласился с Вашей позицией
принял Ваш отказ?
И ещё, если можно, про внутреннюю политику. 
Правда, это не касается «двадцатки», но вопрос про внутреннюю политику России. 
Я хотел спросить, как Вы относитесь к Алексею Навальному, его деятельности?
 И почему Вы не упоминаете его фамилию и имя, когда отвечаете на вопросы про него?
У Вас сегодня утром была встреча с Президентом Франции и Канцлером Германии. 
Могу предположить, что был подробный разбор, а может быть, и предельно откровенный разбор ситуации на Украине.
Появилось ли новое видение,
 есть ли надежда что ситуация на Донбассе будет выведена из некоторого оцепенени в котором она сейчас находится?
Может ли в этом сыграть свою роль и начавшееся обсуждение этой темы с Президентом Соединённых Штатов
или интересы России и США на Украине по‑прежнему расходятся, а может быть, в чём‑то и противоположны друг другу? 
Что, кстати, насколько понимаю, можно предположить из бэкграунда американского дипломата, который был назначен спецпредставителем.
Владимир Владимирович, у меня вопрос по Ближнему Востоку, который «бурлит»: и Сирия, и Катар, другие страны. 

По Сирии у вас наверняка были дискуссии в рамках саммита «двадцатки». 
После этих дискуссий, после недавней встречи в Астане как Вы оцениваете перспективы сирийского урегулирования? 
Поменялось ли 

или, может быть, стала более конструктивной позиция новой администрации США по этому вопросу, особенно с учётом ваших вчерашних договорённостей?
И, если можно, ещё по Катару: 
как Вы оцениваете ситуацию с этой стороны? 
Обсуждалась ли она на «двадцатке?»
И если ещё позволите…По проблематике терроризма. 
Насколько я знаю, достаточно тяжело шло согласование коммюнике по терроризму. 
Если не секрет, в чём были основные противоречия
Мы уже говорили про вмешательство в выборы, но вот у нас предстоят новые в Германии.
Теперь это считается «у нас», «у нас» в Германии в сентябре.
Россия планирует в них вмешаться? 
Вы уведомляли Ангелу Меркель о том, как мы это будем делать? 
И, может, Вы мне тоже подскажете?
Спасибо большое, господин Президент, за возможность задать Вам вопрос от нашей телекомпании. 
Мы хотели Вас спросить о встрече с Президентом Трампом, и мой коллега уже задал такой же вопрос. 
И Вы сказали, что мы должны спросить Президента Трампа о том, что произошло.
Просто от Белого дома, к сожалению, практически никакой информации нет о том, что происходит.
Не могли бы Вы просто поделиться, что именно Президент Трамп Вам сказал во время встречи, когда Вы сказали ему, что Россия не вмешивалась в политический процесс?
Возвращаясь к теме ускорения экономического роста, тем мерам, которые мы можем принять, Правительство уже подготовило план, и, насколько нам известно, Вы с ним уже ознакомились, но он секретный по какой‑то причине. 
Мы знаем какие‑то моменты из него, Вы их озвучивали.
По внутренней политике вопрос. 
Я узнал, что Вы уже ознакомились с машиной проекта «Кортеж». 
По плану её хотят использовать на инаугурации Президента в 2018 году.
А у Вас не возникло в связи с этим желания проехаться на этой машине уже на официальном мероприятии, то есть на инаугурации?
Вы уже рассказали о встрече с Эрдоганом. 
Можно у Вас уточнить? 
Можно у Вас уточнить? Когда поднимался вопрос о первой, северной зоне, Вы обсуждали проблематику курдов и непосредственно территории Африна, где есть представители российского Центра по примирению сторон? 
Турецкие СМИ уже готовят почву к военной интервенции турецкой армии туда.
 И также с Эрдоганом, с Трампом обсуждали Вы будущее Президента Сирии Башара Асада? 
Вчера, например, Тиллерсон сказал, что этот человек не имеет будущего в сирийской политике.
Он не сказал, когда и как, но всё‑таки это прозвучало.
Тут уже коллеги вспоминали слова Трампа в Варшаве. 
Было ещё одно высказывание о том, что США готовы начать прямые поставки сжиженного природного газа и в Польшу, и в Центральную Европу.
 Как Вы такие намерения оцениваете, особенно в контексте и планов по «Северному потоку»? 
Не станет ли газ новой, ещё одной точкой напряжённости в отношениях с американцами?
После первой встречи с Трампом, как Вы считаете, всё‑таки удастся ли постепенно вытаскивать российско-американские отношения из того глубокого кризиса, в котором они оказались, или пока вообще сказать что‑то сложно?
Добрый день, Владимир Владимирович! При всём уважении к аргентинскому председательству в «двадцатке» у меня всё‑таки вопрос по российско-американским отношениям. 
В очередной раз сорвалась Ваша встреча с Президентом Трампом, он отменил её в последний момент. 
Может быть, опасается Вас, может быть, какие‑то другие причины у него были. 
Как Вы считаете, почему он так поступил и как в таких условиях можно развивать
 или вообще вести диалог с Соединёнными Штатами?
Я вернусь всё‑таки к «двадцатке». 
Хотелось бы узнать, при подготовке итогового коммюнике было очень много жарких споров, в том числе на уровне шерп и экспертов, говорили, что декларация вообще может быть не согласована. 
В связи с этим вопрос: как Вы оцениваете взаимодействие лидеров стран – участниц «двадцатки»?
Господин Президент, новый начальник штаба обороны Великобритании заявляет, что для британской национальной безопасности Россия представляет бóльшую угрозу, чем радикальные исламисты. 
Согласны ли Вы с этим? 
И не беспокоит ли Вас то, что Россия приобрела такую репутацию?
Владимир Владимирович, Вы встречались и с Ангелой Меркель, и с Эммануэлем Макроном ещё вчера и, наверное, обсуждали, в каких‑то разговорах всё‑таки всплывала проблема инцидента в Керченском проливе. 
Вам удалось убедить своих собеседников, что это была провокация? 
Вообще, какой была их реакция?
Вы провели переговоры с Наследным принцем Саудовской Аравии. 
Тут сразу несколько вопросов. 
В первую очередь, конечно, всех интересует, удалось ли Вам договориться о единой позиции по сделке ОПЕК+ и будет ли сокращение дальнейшей добычи нефти при существующем состоянии цен на нефть. 
Обсуждали ли Вы историю с саудовским журналистом, который был убит в Стамбуле? 
Но главное, конечно, хотелось бы ещё понять ситуацию на нефтяном рынке.
Владимир Владимирович, на полях «двадцатки» у Вас были переговоры с Абэ и Эрдоганом, хотя с каждым из них, в общем‑то, Вы виделись, кажется, меньше двух недель назад. 
Нетипичная, не совсем типичная интенсивность контактов на высшем уровне чем обусловлена? 
Почему для Вас, для партнёров важно настолько часто сейчас встречаться? 
И позвольте короткий второй вопрос. 
Ваш автомобиль Aurus, наш российский автомобиль Aurus, впервые так далеко заехал, впервые на этом континенте, большой ажиотаж вокруг него, фотографировались здесь с ним возле гостиницы местные жители. 
Вы эту машину эксплуатируете уже несколько месяцев. 
Как Вам автомобиль? 
Вы же были не только как пассажир, но и за рулем. 
Как машина? 
Что нравится? 
Что не нравится?
Спасибо, Владимир Владимирович. «Двадцатка» прошла впервые в Южной Америке, в Аргентине. 
Мексика, Бразилия и Аргентина являются членами этой группы.
 Как Вы оцениваете в целом вклад латиноамериканских стран в решение глобальных вопросов?
Вы сказали, что договариваетесь о создании некоего дополнительного механизма для решения проблемы мирного договора, и японская сторона это анонсировала. 
О каком механизме идёт речь, чем нынешний формат обсуждения этого вопроса не подходит? 
И я ещё хотела уточнить по Украине. 
Они сейчас навводили много всяких ограничений для россиян.
Будет ли Россия отвечать?
Обсуждается ли вопрос обмена 24 украинских моряков на граждан России, которые сейчас на Украине находятся, в отношении которых возбуждено уголовное дело? 
Поступало ли в принципе такое предложение от украинской стороны? 
У нас остались хоть какие‑то контакты с этой самой украинской стороной, не знаю, на техническом, условно говоря, уровне? 
Порошенко недавно заявил, что после провокации в Керченском проливе он Вам звонил, Вы отказались с ним общаться. 
Далеко всё зашло: они из Азовского соглашения выходят, дипотношения разрывают. Что дальше?
Про моряков Вы не сказали.
Хотелось бы понять, на каких условиях Вы теперь, возможно, согласитесь на будущее на встречу с Дональдом Трампом, поскольку он, вылетая, говорит, что встретится, через час меняет показания. 
Такая неконкретика – это несколько несерьёзно.
Я всё же уточню по Украине.
 Главы МИД «семёрки» обратились к России с предложением вернуть моряков и корабли как имущество Украины.
Как поступит Россия? 
И разрешите уточнить: а Вы с премьер-министром Великобритании сейчас не пересекались, не получилось общаться, обсудить отношения?
Про Меланью можно вопрос?
По интернету разлетелись фотографии.
Вам удалось коротко поговорить с Трампом, но по всему интернету разлетелись фотографии, как Вы сидите за ужином рядом с Меланьей и мило беседуете. 
О чём, расскажете?
Или это был фотошоп?
Можно экономический вопрос?
Просто как‑то забылось, что «большая двадцатка» – это всё‑таки экономический клуб, призванный решать проблемы снятия торговых барьеров, протекционизма, не сползёт ли глобальная экономика в рецессию, реформирование ВТО. 
Не первый год отслеживаем решения «большой двадцатки» – ощущения очень странные: никаких прорывов, ничего нет. 
Вот сейчас очередная «двадцатка» закончилась, а ощущение точно такое же, что экономика после этого не ускорит рост, можем сползти в рецессию. 
Можно как‑то кратко хотя бы сказать?
Я на днях посмотрел увлекательный американский фильм «Хантер Киллер».
Там, если коротко, суть в том, что Президента России берут в заложники на заполярной военной базе, и занимается этим совершивший переворот министр обороны. 
А спасает Президента России, Вас, командир американской атомной подводной лодки, которая зашла на эту базу.
а нашу, конечно. 
Заполярную нашу базу.
Здравствуйте, Владимир Владимирович! Хотим узнать, коль скоро первым задаю вопрос, о Ваших личных итогах саммита. 
В преддверии саммита много было скепсиса и от лидеров, и Вы тоже высказывались по поводу того, какие будут результаты. 
Был ли скепсис оправдан? 
Какие результаты для мировой торговли и мировой экономики? 
И второй вопрос, если позволите: какой у России здесь вектор, на «большой двадцатке», и добились ли [результатов]?
Хотела спросить про Вашу встречу с Трампом, естественно. 
Оправдались ли Ваши ожидания от этой встречи, если таковые были, о чём удалось поговорить? 
Особенно интересует, есть ли в итоге какая‑то подвижка по вопросу продления СНВ‑3.
 И такой момент: Трамп, когда отказался от встречи с Вами на прошлой «двадцатке», увязывал это с ситуацией в Керченском проливе и говорил о том, что не будет встречаться до тех пор, пока не будут отпущены украинские моряки.
 В этот раз он поднимал эту тему, скажите, пожалуйста?
А вообще Ваши впечатления от встречи?
Мы вчера в том числе видели начало Вашей встречи с Терезой Мэй. 
Невозможно было не обратить внимания на то, какое настроение она демонстрировала во время рукопожатия. 
Но мы помним, конечно, заявление о том, что «реанимация» отношений с Россией невозможна, пока Россия не выполнит некие условия.
 Но встреча состоялась. 
О чём говорили? 
Нужна ли была вообще эта встреча, учитывая, что Мэй уходит?
Вы только что провели переговоры с принцем Саудовской Аравии, соответственно, вопрос:
Вы решили, что делать со сделкой ОПЕК+, 
будете ли продлевать ограничения на добычу нефти
и на какой срок? 
И Вы в октябре ещё едете в Саудовскую Аравию, по крайней мере, об этом рассказал Ваш помощник не так давно. 
Какие ещё договорённости Вы планируете осуществить во время этого визита в Саудовскую Аравию?
 Я так понимаю, что Вы тоже сегодня об этом говорили с принцем.
Мы все видели строгое лицо Терезы Мэй вчера на встрече с Вами, где она говорила о том, что отношения не могут быть другими, пока Россия не изберёт другой путь. 
Хотелось услышать Ваш ответ: 
готовы ли Вы, как Мэй говорит, отказаться от атак, от агрессии, от вмешательства и избрать другой путь не только, чтобы улучшить отношения с Англией, но еще и с Западом вообще?
Владимир Владимирович, как нам стало известно, во время встречи с Трампом обсуждался иранский вопрос. 
Обсуждался ли вопрос иранского присутствия в Сирии? 
Как мы заметили, здесь находится Ваш спецпосланник по Сирии.
Это для американцев является болезненным вопросом.
 Также сегодня во время встречи с Президентом Эрдоганом обсуждалась ли ситуация в Идлибе? 
Вчера обменялись обстрелами сирийская и турецкая армии, эскалация дошла до новой точки пика.
Скажите, пожалуйста, как прошла встреча с Ангелой Меркель, обсуждали ли вы возобновление «нормандского формата», и если да, то что решили?
и если да, то что решили?
Я позволю внутренний вопрос, хотя он и внешний, поскольку касается инвестиций в нашу страну.
 Во время Петербургского форума, несколько недель назад, развивалось в Москве дело Ивана Голунова, журналиста. 
И благодаря Администрации Президента, но прежде всего обществу, удалось тогда остановить эту несправедливость со стороны силовых органов.
Сейчас, на фоне тоже экономического саммита, в Москве возбудили дело против владельца такой крупной автодилерской компании «Рольф» Сергея Петрова. 
Вы его наверняка знаете, потому что он в прошлом политик и занимал даже место в Думе, такой конструктивный оппозиционер.
 Возможно ли говорить о несправедливости в этом случае, в деле Сергея Петрова, раз мы видим такие прецеденты со стороны силовых органов? 
Можете ли Вы тоже взять на контроль это дело?
Владимир Владимирович, просто Вы высказались довольно обширно по темам. 
А скажите, пожалуйста, в прошлый раз, когда Вы встречались с Дональдом Трампом, очень скоро американцы ввели новые санкции против России.
В этот раз Вы получили от Дональда Трампа, может быть, какие‑то, не знаю, обещания, что не будет новых санкций? 
Или Вы предполагаете
 или, наоборот, Вы сейчас больше уверены, что не будет больше новых санкций?
Только что в кулуарах саммита Эммануэль Макрон на мой вопрос, приедет ли он 9 мая в Москву, сказал что обязательно будет. 
Есть ли внятный сигнал от Дональда Трампа о том, будет ли он,
и кого Вы ещё позвали?
Обсуждали ли Вы с Трампом «Северный поток»? 
И пока Вы здесь были, в Японии, на саммите, к Вам же Зеленский обратился, записал обращение,
был страшно взволнован, не требовал, а просил вернуть украинских моряков 
и очень сильно ругал своего министра иностранных дел, сказал, что Климкин будто бы отверг предложение России прямо сейчас вернуть моряков. 
Правда ли, мы готовы это сделать сейчас, если была такая нота от российского МИДа? 
И правда ли, что нас в ПАСЕ вернули в обмен на обещание, что мы отпустим этих людей? 
Это тоже информация от Климкина.
Вы уже упомянули Ваше недавнее интервью The Financial Times. 
Оно так обширно цитировалось и получило широкое обсуждение, особенно в части Вашего отношения к либеральной идее.
Были те, кто с этим согласен, те, кто с этим не согласен, даже известный певец Элтон Джон с Вами поспорил, обвинил Вас в неком двуличии. 
Говорили об этом интервью и здесь, на саммите, если не ошибаюсь, 
Туск, Юнкер, Макрон, по‑моему, с Вами даже об этом говорил.
Вот Вам лично другие политики, другие лидеры выражали своё мнение, поддерживали Вас или, наоборот, спорили с Вами по поводу либеральной идеи?
